{"note":"This file is an internal implementation detail to speed up HTML report generation. Its format can change at any time. You might be looking for the JSON report: https://coverage.rtfd.io/cmd.html#cmd-json","format":5,"version":"7.5.3","globals":"80bcff654dfd924075051c541f6faf34","files":{"z_7708d715c5a84d26_DOM_Liga_py":{"hash":"ff1a08c8e98cf2017a1421af29242fc2","index":{"url":"z_7708d715c5a84d26_DOM_Liga_py.html","file":"src\\controlador\\DOM_Liga.py","description":"","nums":{"precision":0,"n_files":1,"n_statements":207,"n_excluded":0,"n_missing":34,"n_branches":0,"n_partial_branches":0,"n_missing_branches":0}}},"z_7708d715c5a84d26___init___py":{"hash":"e6baa73cda2916dad605215f937a92e1","index":{"url":"z_7708d715c5a84d26___init___py.html","file":"src\\controlador\\__init__.py","description":"","nums":{"precision":0,"n_files":1,"n_statements":0,"n_excluded":0,"n_missing":0,"n_branches":0,"n_partial_branches":0,"n_missing_branches":0}}},"z_92d960bccbbe7083___init___py":{"hash":"8f96e0487d400bed7b4c91e861310773","index":{"url":"z_92d960bccbbe7083___init___py.html","file":"src\\controlador\\static\\__init__.py","description":"","nums":{"precision":0,"n_files":1,"n_statements":0,"n_excluded":0,"n_missing":0,"n_branches":0,"n_partial_branches":0,"n_missing_branches":0}}},"z_f649e27e2d58b7f5___init___py":{"hash":"8f96e0487d400bed7b4c91e861310773","index":{"url":"z_f649e27e2d58b7f5___init___py.html","file":"src\\controlador\\templates\\__init__.py","description":"","nums":{"precision":0,"n_files":1,"n_statements":0,"n_excluded":0,"n_missing":0,"n_branches":0,"n_partial_branches":0,"n_missing_branches":0}}},"z_e5d1fdccff002b54___init___py":{"hash":"e6baa73cda2916dad605215f937a92e1","index":{"url":"z_e5d1fdccff002b54___init___py.html","file":"src\\modelo\\__init__.py","description":"","nums":{"precision":0,"n_files":1,"n_statements":0,"n_excluded":0,"n_missing":0,"n_branches":0,"n_partial_branches":0,"n_missing_branches":0}}},"z_e5d1fdccff002b54_arbitro_py":{"hash":"0d35d2272bab7ef004684d652b87004f","index":{"url":"z_e5d1fdccff002b54_arbitro_py.html","file":"src\\modelo\\arbitro.py","description":"","nums":{"precision":0,"n_files":1,"n_statements":6,"n_excluded":0,"n_missing":2,"n_branches":0,"n_partial_branches":0,"n_missing_branches":0}}},"z_e5d1fdccff002b54_entrenador_py":{"hash":"0f13c6671f32e6bf4aff1433670b2b5b","index":{"url":"z_e5d1fdccff002b54_entrenador_py.html","file":"src\\modelo\\entrenador.py","description":"","nums":{"precision":0,"n_files":1,"n_statements":4,"n_excluded":0,"n_missing":1,"n_branches":0,"n_partial_branches":0,"n_missing_branches":0}}},"z_e5d1fdccff002b54_equipo_py":{"hash":"c74ec3333bee8185a24baa18c433d3dc","index":{"url":"z_e5d1fdccff002b54_equipo_py.html","file":"src\\modelo\\equipo.py","description":"","nums":{"precision":0,"n_files":1,"n_statements":15,"n_excluded":0,"n_missing":0,"n_branches":0,"n_partial_branches":0,"n_missing_branches":0}}},"z_e5d1fdccff002b54_jugador_py":{"hash":"b5c89eea7f5a08fa1ae4714f194aa3c5","index":{"url":"z_e5d1fdccff002b54_jugador_py.html","file":"src\\modelo\\jugador.py","description":"","nums":{"precision":0,"n_files":1,"n_statements":33,"n_excluded":0,"n_missing":15,"n_branches":0,"n_partial_branches":0,"n_missing_branches":0}}},"z_e5d1fdccff002b54_ligas_py":{"hash":"06102d96f0adf3e690e257e2ec357006","index":{"url":"z_e5d1fdccff002b54_ligas_py.html","file":"src\\modelo\\ligas.py","description":"","nums":{"precision":0,"n_files":1,"n_statements":67,"n_excluded":0,"n_missing":67,"n_branches":0,"n_partial_branches":0,"n_missing_branches":0}}},"z_e5d1fdccff002b54_partidos_py":{"hash":"4045a26dc4382c2438116940907f5108","index":{"url":"z_e5d1fdccff002b54_partidos_py.html","file":"src\\modelo\\partidos.py","description":"","nums":{"precision":0,"n_files":1,"n_statements":9,"n_excluded":0,"n_missing":0,"n_branches":0,"n_partial_branches":0,"n_missing_branches":0}}},"z_e5d1fdccff002b54_persona_py":{"hash":"3945b84af6734688b3385e3bc5ebfc10","index":{"url":"z_e5d1fdccff002b54_persona_py.html","file":"src\\modelo\\persona.py","description":"","nums":{"precision":0,"n_files":1,"n_statements":52,"n_excluded":0,"n_missing":34,"n_branches":0,"n_partial_branches":0,"n_missing_branches":0}}},"z_e5d1fdccff002b54_postSQLConfig_py":{"hash":"6443b8633c17b7fe5a8fb800f10f316a","index":{"url":"z_e5d1fdccff002b54_postSQLConfig_py.html","file":"src\\modelo\\postSQLConfig.py","description":"","nums":{"precision":0,"n_files":1,"n_statements":47,"n_excluded":0,"n_missing":1,"n_branches":0,"n_partial_branches":0,"n_missing_branches":0}}},"z_55f2c01ac625e8a5___init___py":{"hash":"8f96e0487d400bed7b4c91e861310773","index":{"url":"z_55f2c01ac625e8a5___init___py.html","file":"src\\vista\\__init__.py","description":"","nums":{"precision":0,"n_files":1,"n_statements":0,"n_excluded":0,"n_missing":0,"n_branches":0,"n_partial_branches":0,"n_missing_branches":0}}}}}